{
  "baselines": {
    "14": {
      "cpu_samples": [
        5.3,
        2.733333333333333,
        4.266666666666667,
        7.166666666666667,
        5.333333333333333,
        12.233333333333334,
        2.9333333333333336,
        4.533333333333333,
        3.3666666666666667,
        13.666666666666666,
        8.266666666666666,
        10.433333333333334,
        18.566666666666666,
        4.633333333333334,
        6.5,
        12.366666666666667,
        9.266666666666667,
        49.5,
        4.3999999999999995,
        2.733333333333333
      ],
      "memory_samples": [
        91.8,
        90.5,
        86.5,
        88.7,
        87.8,
        92.9,
        90.6,
        84.7,
        90.5,
        90.4,
        89.6,
        91.0,
        94.1,
        75.9,
        84.6,
        81.3,
        81.9,
        81.1,
        81.0,
        81.2
      ],
      "process_counts": [
        127,
        127,
        126,
        127,
        126,
        126,
        127,
        126,
        127,
        127,
        126,
        126,
        127,
        126,
        126,
        126,
        125,
        125,
        125,
        125
      ]
    },
    "15": {
      "cpu_samples": [
        24.2,
        16.233333333333334,
        10.833333333333334,
        42.96666666666667,
        3.9333333333333336,
        2.9333333333333336,
        42.800000000000004,
        2.1666666666666665,
        42.166666666666664,
        3.533333333333333,
        6.133333333333333,
        6.6000000000000005,
        9.366666666666667,
        4.966666666666667,
        9.7,
        6.3,
        18.333333333333332,
        6.233333333333333
      ],
      "memory_samples": [
        87.0,
        87.7,
        77.3,
        84.4,
        79.0,
        79.2,
        91.3,
        77.0,
        83.9,
        75.6,
        77.1,
        79.2,
        79.8,
        80.2,
        80.4,
        80.2,
        82.1,
        82.1
      ],
      "process_counts": [
        125,
        127,
        126,
        126,
        126,
        126,
        127,
        125,
        129,
        126,
        125,
        126,
        127,
        126,
        127,
        127,
        127,
        127
      ]
    }
  },
  "known_processes": [
    "",
    "PresentationFontCache.exe",
    "ShellExperienceHost.exe",
    "LsaIso.exe",
    "dwm.exe",
    "Microsoft.CmdPal.Ext.PowerToys.exe",
    "PowerToys.Peek.UI.exe",
    "splwow64.exe",
    "EEventManager.exe",
    "iPSMonitor.exe",
    "escsvc64.exe",
    "System Idle Process",
    "Code.exe",
    "PowerToys.FancyZones.exe",
    "MoUsoCoreWorker.exe",
    "hppusg.exe",
    "BrLogRx.exe",
    "SearchFilterHost.exe",
    "PowerToys.exe",
    "dasHost.exe",
    "PowerToys.AlwaysOnTop.exe",
    "SDXHelper.exe",
    "vmcompute.exe",
    "DataExchangeHost.exe",
    "SecurityHealthSystray.exe",
    "AggregatorHost.exe",
    "unsecapp.exe",
    "pg_ctl.exe",
    "backgroundTaskHost.exe",
    "conhost.exe",
    "smss.exe",
    "PhoneExperienceHost.exe",
    "MemCompression",
    "ApplicationFrameHost.exe",
    "spacedeskServiceTray.exe",
    "winlogon.exe",
    "PowerToys.CropAndLock.exe",
    "SoftwareUpdateNotificationService.exe",
    "CrossDeviceService.exe",
    "OneDrive.exe",
    "LADMAutoInstallService.exe",
    "StartMenuExperienceHost.exe",
    "OpenConsole.exe",
    "bash.exe",
    "ollama.exe",
    "AvastSvc.exe",
    "BrYNSvc.exe",
    "wininit.exe",
    "pythonw.exe",
    "msedgewebview2.exe",
    "node.exe",
    "tail.exe",
    "USBAppControl.exe",
    "PowerToys.PowerLauncher.exe",
    "SystemSettings.exe",
    "docker.exe",
    "igfxCUIService.exe",
    "ONENOTEM.EXE",
    "Widgets.exe",
    "SearchHost.exe",
    "WorkflowAppControl.exe",
    "audiodg.exe",
    "wsc_proxy.exe",
    "tallyscheduler.exe",
    "dllhost.exe",
    "ctfmon.exe",
    "lsass.exe",
    "printfilterpipelinesvc.exe",
    "BA Mobile Connector.exe",
    "SecurityHealthService.exe",
    "WidgetService.exe",
    "chrome-native-host.exe",
    "services.exe",
    "EPPCCMON.EXE",
    "IntelAudioService.exe",
    "wlanext.exe",
    "TextInputHost.exe",
    "EPSDNMON.EXE",
    "IntelCpHDCPSvc.exe",
    "explorer.exe",
    "WhatsApp.Root.exe",
    "pet.exe",
    "aswEngSrv.exe",
    "cmd.exe",
    "postgres.exe",
    "smartscreen.exe",
    "PowerToys.ColorPickerUI.exe",
    "SearchIndexer.exe",
    "PowerToys.QuickAccess.exe",
    "cowork-svc.exe",
    "WmiPrvSE.exe",
    "SearchProtocolHost.exe",
    "python.exe",
    "wslservice.exe",
    "EpSecuritySupport.exe",
    "WMIC.exe",
    "RuntimeBroker.exe",
    "CodeSetup-stable-e7fb5e96c0730b9deb70b33781f98e2f35975036.tmp",
    "igfxEM.exe",
    "java.exe",
    "System",
    "PowerToys.Awake.exe",
    "Microsoft.CmdPal.UI.exe",
    "WUDFHost.exe",
    "csrss.exe",
    "gh.exe",
    "sleep.exe",
    "aswToolsSvc.exe",
    "svchost.exe",
    "StoreDesktopExtension.exe",
    "chrome.exe",
    "LocationNotificationWindows.exe",
    "ms-teams.exe",
    "powershell.exe",
    "fontdrvhost.exe",
    "OneApp.IGCC.WinService.exe",
    "taskhostw.exe",
    "sihost.exe",
    "spacedeskService.exe",
    "nbcode64.exe",
    "UserOOBEBroker.exe",
    "CodeSetup-stable-e7fb5e96c0730b9deb70b33781f98e2f35975036.exe",
    "spoolsv.exe",
    "claude.exe",
    "WindowsPackageManagerServer.exe",
    "language_server_windows_x64.exe",
    "FileCoAuth.exe",
    "OfficeClickToRun.exe",
    "Registry",
    "aswidsagent.exe",
    "E_YATIUNE.EXE",
    "WindowsTerminal.exe",
    "ollama app.exe",
    "AvastUI.exe"
  ],
  "anomalies": [
    {
      "type": "high_cpu_process",
      "severity": "medium",
      "message": "Process System Idle Process using 722.5% CPU",
      "process": "System Idle Process",
      "cpu": 722.5,
      "timestamp": "2026-04-07T14:25:56.095445"
    },
    {
      "type": "high_cpu_process",
      "severity": "medium",
      "message": "Process System Idle Process using 748.3% CPU",
      "process": "System Idle Process",
      "cpu": 748.3,
      "timestamp": "2026-04-07T14:28:00.863715"
    },
    {
      "type": "high_cpu_process",
      "severity": "medium",
      "message": "Process System Idle Process using 759.3% CPU",
      "process": "System Idle Process",
      "cpu": 759.3,
      "timestamp": "2026-04-07T14:30:05.687501"
    },
    {
      "type": "high_cpu_process",
      "severity": "medium",
      "message": "Process System Idle Process using 642.3% CPU",
      "process": "System Idle Process",
      "cpu": 642.3,
      "timestamp": "2026-04-07T14:32:10.573152"
    },
    {
      "type": "high_cpu_process",
      "severity": "medium",
      "message": "Process System Idle Process using 654.3% CPU",
      "process": "System Idle Process",
      "cpu": 654.3,
      "timestamp": "2026-04-07T14:34:15.570780"
    },
    {
      "type": "high_cpu_process",
      "severity": "medium",
      "message": "Process System Idle Process using 727.7% CPU",
      "process": "System Idle Process",
      "cpu": 727.7,
      "timestamp": "2026-04-07T14:36:21.061080"
    },
    {
      "type": "high_cpu_process",
      "severity": "medium",
      "message": "Process System Idle Process using 759.9% CPU",
      "process": "System Idle Process",
      "cpu": 759.9,
      "timestamp": "2026-04-07T14:38:25.752496"
    },
    {
      "type": "high_cpu_process",
      "severity": "medium",
      "message": "Process System Idle Process using 741.5% CPU",
      "process": "System Idle Process",
      "cpu": 741.5,
      "timestamp": "2026-04-07T14:40:30.478518"
    },
    {
      "type": "high_cpu_process",
      "severity": "medium",
      "message": "Process System Idle Process using 698.8% CPU",
      "process": "System Idle Process",
      "cpu": 698.8,
      "timestamp": "2026-04-07T14:42:35.201938"
    },
    {
      "type": "new_process",
      "severity": "low",
      "message": "New process detected: audiodg.exe (PID: 24120)",
      "process": "audiodg.exe",